"day","board","image_file","title","description","link","alt","tags"
"1","Book Reviews","pins/book-meditations.png","Meditations — Best Stoicism Book","The private notebook of an emperor writing to himself. The closest thing we have to a manual for the inner life. Why it earns a spot on the Motiva Hub reading list.","https://the-motivahub.com/books/?utm_source=pinterest&utm_medium=pin&utm_campaign=pin-book-meditations-en","Book cover Meditations (Stoicism), gold serif headline, Motiva Hub.","#Stoicism #BookReview #ReadingList"
"1","Book Reviews","pins/book-atomic-habits.png","Atomic Habits — Best Habits Book","A systems thinker's case for identity-based change. The clearest modern argument that you do not rise to your goals — you fall to your systems. Why it earns a spot on the Motiva Hub reading list.","https://the-motivahub.com/books/?utm_source=pinterest&utm_medium=pin&utm_campaign=pin-book-atomic-habits-en","Book cover Atomic Habits (Habits), gold serif headline, Motiva Hub.","#Habits #BookReview #ReadingList"
"1","Book Reviews","pins/book-deep-work.png","Deep Work — Best Focus Book","The case for treating concentration as a craft. Focus without distraction is the superpower of the century. Why it earns a spot on the Motiva Hub reading list.","https://the-motivahub.com/books/?utm_source=pinterest&utm_medium=pin&utm_campaign=pin-book-deep-work-en","Book cover Deep Work (Focus), gold serif headline, Motiva Hub.","#Focus #BookReview #ReadingList"
"1","Book Reviews","pins/book-daily-stoic.png","The Daily Stoic — Best Philosophy Book","Three hundred and sixty-six meditations, one for each day. A practical doorway into a tradition that has guided disciplined minds for two thousand years. Why it earns a spot on the Motiva Hub reading list.","https://the-motivahub.com/books/?utm_source=pinterest&utm_medium=pin&utm_campaign=pin-book-daily-stoic-en","Book cover The Daily Stoic (Philosophy), gold serif headline, Motiva Hub.","#Philosophy #BookReview #ReadingList"
"1","Book Reviews","pins/book-cant-hurt-me.png","Can't Hurt Me — Best Discipline Book","An unflinching account of self-mastery forged in suffering. Not a comfortable read, and not meant to be — it is fuel for the days you want to quit. Why it earns a spot on the Motiva Hub reading list.","https://the-motivahub.com/books/?utm_source=pinterest&utm_medium=pin&utm_campaign=pin-book-cant-hurt-me-en","Book cover Can't Hurt Me (Discipline), gold serif headline, Motiva Hub.","#Discipline #BookReview #ReadingList"
"1","Chroniques de livres","pins/book-meditations__fr.png","Meditations — Stoïcisme : chronique","Le carnet privé d'un emperateur qui s'écrit à lui-même. La chose la plus proche d'un manuel pour la vie intérieure. Pourquoi ce livre mérite sa place dans la liste Motiva Hub.","https://the-motivahub.com/fr/books/?utm_source=pinterest&utm_medium=pin&utm_campaign=pin-book-meditations-fr","Couverture du livre Meditations (Stoïcisme), titre serif doré, Motiva Hub.","#Stoicisme #ChroniqueLivre #Lecture"
"2","Chroniques de livres","pins/book-atomic-habits__fr.png","Atomic Habits — Habitudes : chronique","Le plaidoyer d'un penseur systémique pour un changement basé sur l'identité. L'argument moderne le plus clair que tu ne montes pas à tes objectifs — tu descends à tes systèmes. Pourquoi ce livre mérite sa place dans la liste Motiva Hub.","https://the-motivahub.com/fr/books/?utm_source=pinterest&utm_medium=pin&utm_campaign=pin-book-atomic-habits-fr","Couverture du livre Atomic Habits (Habitudes), titre serif doré, Motiva Hub.","#Habitudes #ChroniqueLivre #Lecture"
"2","Chroniques de livres","pins/book-deep-work__fr.png","Deep Work — Concentration : chronique","Le plaidoyer pour traiter la concentration comme un art. La concentration sans distraction est le superpouvoir du siècle. Pourquoi ce livre mérite sa place dans la liste Motiva Hub.","https://the-motivahub.com/fr/books/?utm_source=pinterest&utm_medium=pin&utm_campaign=pin-book-deep-work-fr","Couverture du livre Deep Work (Concentration), titre serif doré, Motiva Hub.","#Concentration #ChroniqueLivre #Lecture"
"2","Chroniques de livres","pins/book-daily-stoic__fr.png","The Daily Stoic — Philosophie : chronique","Trois cent soixante-six méditations, une pour chaque jour. Une porte d'entrée pratique dans une tradition qui guide les esprits disciplinés depuis deux mille ans. Pourquoi ce livre mérite sa place dans la liste Motiva Hub.","https://the-motivahub.com/fr/books/?utm_source=pinterest&utm_medium=pin&utm_campaign=pin-book-daily-stoic-fr","Couverture du livre The Daily Stoic (Philosophie), titre serif doré, Motiva Hub.","#Philosophie #ChroniqueLivre #Lecture"
"2","Chroniques de livres","pins/book-cant-hurt-me__fr.png","Can't Hurt Me — Discipline : chronique","Un récit sans concession sur la maîtrise de soi forgée dans la souffrance. Pas une lecture confortable, et ce n'est pas le but — c'est du carburant pour les jours où tu veux abandonner. Pourquoi ce livre mérite sa place dans la liste Motiva Hub.","https://the-motivahub.com/fr/books/?utm_source=pinterest&utm_medium=pin&utm_campaign=pin-book-cant-hurt-me-fr","Couverture du livre Can't Hurt Me (Discipline), titre serif doré, Motiva Hub.","#Discipline #ChroniqueLivre #Lecture"
"2","Habits & Goals","pins/2-minute-rule-system.png","The 2-Minute Rule: A Complete System","What is the 2-minute rule as a system, not a trick? James Clear's 2-minute rule is the most misunderstood idea in habit science. It is not a productivity hack. It is a complete system of identity, design, and recovery. Here is the full architecture — including what to do when it stops working. Full guide + free tools on Motiva Hub.","https://the-motivahub.com/journal/2-minute-rule-system/?utm_source=pinterest&utm_medium=pin&utm_campaign=pin-2-minute-rule-system-en","Running shoes taking the first step on a track - the two minute rule system. Gold serif headline: ""The 2-Minute Rule: A Complete System"".","#Habits #2MinuteRuleCompleteSystem #2MinuteRuleArchitecture #JamesClearSystem"
"2","Habits & Goals","pins/atomic-habits-revue-complete.png","Atomic Habits: The Complete Breakdown","What are the four laws of Atomic Habits? A deep dive into Atomic Habits: the 1% better every day philosophy, the four laws of behavior change, and how to build habits that actually stick. Full guide + free tools on Motiva Hub.","https://the-motivahub.com/journal/atomic-habits-revue-complete/?utm_source=pinterest&utm_medium=pin&utm_campaign=pin-atomic-habits-revue-complete-en","A hand flicking a row of white dominoes mid-fall, one small action triggering a chain reaction. Gold serif headline: ""Atomic Habits: The Complete Breakdown"".","#Habits #AtomicHabitsCompleteGuide #AtomicHabitsFourLaws #AtomicHabits1PercentBetter"
"3","Habits & Goals","pins/casser-mauvaise-habitude.png","How to Break a Bad Habit — The Reverse Four Laws","What are the reverse four laws of habit change? Want to quit smoking, stop procrastinating, or eliminate junk food? Use the reverse four laws to break any bad habit permanently. Full guide + free tools on Motiva Hub.","https://the-motivahub.com/journal/casser-mauvaise-habitude/?utm_source=pinterest&utm_medium=pin&utm_campaign=pin-casser-mauvaise-habitude-en","A woman holding a pink frosted donut in one hand and a green apple in the other, choosing between them. Gold serif headline: ""How to Break a Bad Habit — The Reverse Four Laws"".","#Habits #HowToBreakABadHabit #ReverseFourLaws #BreakHabitsPermanently"
"3","Habits & Goals","pins/identity-challenge-7-days.png","The 7-Day Identity Challenge That Actually Works","What is a 7-day identity challenge? A personal experiment. Seven days, one identity statement, one tiny daily action. The math, the science, and the surprising result by day 7 — and what happened when I stopped. Full guide + free tools on Motiva Hub.","https://the-motivahub.com/journal/identity-challenge-7-days/?utm_source=pinterest&utm_medium=pin&utm_campaign=pin-identity-challenge-7-days-en","Youssef Raihane - identity challenge 7 days concept. Gold serif headline: ""The 7-Day Identity Challenge That Actually Works"".","#Habits #IdentityChallenge #7DayChallenge #HabitExperiment"
"3","Habits & Goals","pins/morning-routines-12-tested.png","I Tested 12 Morning Routines for 14 Days","What is the best morning routine? Fourteen days, twelve routines, four archetypes. A field report on which morning routines actually work for which kind of disciplined person — and which ones are just expensive ways to feel productive. Full guide + free tools on Motiva Hub.","https://the-motivahub.com/journal/morning-routines-12-tested/?utm_source=pinterest&utm_medium=pin&utm_campaign=pin-morning-routines-12-tested-en","Youssef Raihane - morning routines 12 tested concept. Gold serif headline: ""I Tested 12 Morning Routines for 14 Days"".","#Habits #MorningRoutine #MorningRoutineTest #12MorningRoutines"
"3","Habitudes & routines","pins/2-minute-rule-system__fr.png","La règle des 2 minutes : un système complet","Qu'est-ce que la règle des 2 minutes vue comme un système, et pas comme une astuce ? La règle des 2 minutes de James Clear est l'idée la plus mal comprise en science des habitudes. Ce n'est pas un hack de productivité. C'est un système complet d'identité, de conception et de récupération. Guide complet + outils gratuits sur Motiva Hub.","https://the-motivahub.com/fr/journal/2-minute-rule-system/?utm_source=pinterest&utm_medium=pin&utm_campaign=pin-2-minute-rule-system-fr","Epingle Pinterest, titre serif doré « La règle des 2 minutes : un système complet » sur une photo habits, Motiva Hub.","#Habits #2MinuteRuleCompleteSystem #2MinuteRuleArchitecture #DeveloppementPersonnel"
"3","Habitudes & routines","pins/atomic-habits-revue-complete__fr.png","Revue Complète Atomic Habits : Analyse Approfondie","Quelles sont les quatre lois d'Atomic Habits ? Une revue détaillée du livre Atomic Habits. Découvrez les 4 lois du changement comportemental et comment les appliquer pour construire des habitudes durables. Guide complet + outils gratuits sur Motiva Hub.","https://the-motivahub.com/fr/journal/atomic-habits-revue-complete/?utm_source=pinterest&utm_medium=pin&utm_campaign=pin-atomic-habits-revue-complete-fr","Epingle Pinterest, titre serif doré « Revue Complète Atomic Habits : Analyse Approfondie » sur une photo habits, Motiva Hub.","#Habits #AtomicHabitsCompleteGuide #AtomicHabitsFourLaws #DeveloppementPersonnel"
"3","Habitudes & routines","pins/casser-mauvaise-habitude__fr.png","Casser une mauvaise habitude : le guide pratique","Que sont les quatre lois inversées du changement d'habitude ? Casser une mauvaise habitude demande plus que de la volonté. Découvrez les stratégies basées sur la science pour remplacer les habitudes nocives. Guide complet + outils gratuits sur Motiva Hub.","https://the-motivahub.com/fr/journal/casser-mauvaise-habitude/?utm_source=pinterest&utm_medium=pin&utm_campaign=pin-casser-mauvaise-habitude-fr","Epingle Pinterest, titre serif doré « Casser une mauvaise habitude : le guide pratique » sur une photo habits, Motiva Hub.","#Habits #HowToBreakABadHabit #ReverseFourLaws #DeveloppementPersonnel"
"4","Habitudes & routines","pins/identity-challenge-7-days__fr.png","Défi identitaire 7 jours : ce que ça change","Qu'est-ce qu'un défi d'identité de 7 jours ? Une expérience personnelle. Sept jours, une affirmation d'identité, une petite action quotidienne. Les chiffres, la science, et le résultat surprenant au jour 7 — et ce qui s'est passé quand j'ai arrêté. Guide complet + outils gratuits sur Motiva Hub.","https://the-motivahub.com/fr/journal/identity-challenge-7-days/?utm_source=pinterest&utm_medium=pin&utm_campaign=pin-identity-challenge-7-days-fr","Epingle Pinterest, titre serif doré « Défi identitaire 7 jours : ce que ça change » sur une photo habits, Motiva Hub.","#Habits #IdentityChallenge #7DayChallenge #DeveloppementPersonnel"
"4","Habitudes & routines","pins/morning-routines-12-tested__fr.png","12 routines matinales testées pendant 14 jours","Quelle est la meilleure routine matinale ? Quatorze jours, douze routines, quatre archétypes. Un rapport de terrain sur les routines matinales qui fonctionnent réellement pour quel type de personne disciplinée — et celles qui ne sont que des moyens coûteux de se sentir productif. Guide complet + outils gratuits sur Motiva Hub.","https://the-motivahub.com/fr/journal/morning-routines-12-tested/?utm_source=pinterest&utm_medium=pin&utm_campaign=pin-morning-routines-12-tested-fr","Epingle Pinterest, titre serif doré « 12 routines matinales testées pendant 14 jours » sur une photo habits, Motiva Hub.","#Habits #MorningRoutine #MorningRoutineTest #DeveloppementPersonnel"
"4","Discipline & Self Improvement","pins/athlete-discipline.png","The Athlete's Discipline: The Long Game","What is athlete discipline? From Jocko to the CrossFit Games: why the most durable sport mindset is not talent, but the discipline to do the boring work every day. Full guide + free tools on Motiva Hub.","https://the-motivahub.com/journal/athlete-discipline/?utm_source=pinterest&utm_medium=pin&utm_campaign=pin-athlete-discipline-en","Youssef Raihane - athlete discipline concept. Gold serif headline: ""The Athlete's Discipline: The Long Game"".","#Discipline #AthleteDiscipline #SportDiscipline #DisciplineInSports"
"4","Productivity Systems","pins/attention-as-asset.png","Attention as Asset","Why is attention the most valuable asset? Your attention is the only thing the modern economy cannot manufacture more of. Treat it like the finite, appreciating asset it is. Full guide + free tools on Motiva Hub.","https://the-motivahub.com/journal/attention-as-asset/?utm_source=pinterest&utm_medium=pin&utm_campaign=pin-attention-as-asset-en","Youssef Raihane's attention audit notebook showing 147 distractions tracked in one day. Gold serif headline: ""Attention as Asset"".","#Productivity #AttentionAsAsset #HowToProtectAttention #AttentionEconomy"
"4","Discipline personnelle","pins/athlete-discipline__fr.png","Discipline d'athlète : les leçons à copier","Qu'est-ce que la discipline de l'athlète ? Les athlètes de haut niveau maîtrisent la discipline. Découvrez leurs secrets et comment les appliquer à votre vie quotidienne pour atteindre l'excellence. Guide complet + outils gratuits sur Motiva Hub.","https://the-motivahub.com/fr/journal/athlete-discipline/?utm_source=pinterest&utm_medium=pin&utm_campaign=pin-athlete-discipline-fr","Epingle Pinterest, titre serif doré « Discipline d'athlète : les leçons à copier » sur une photo discipline, Motiva Hub.","#Discipline #AthleteDiscipline #SportDiscipline #DeveloppementPersonnel"
"4","Productivité","pins/attention-as-asset__fr.png","Attention : un actif à protéger","Pourquoi l'attention est-elle l'actif le plus précieux ? Dans un monde de distractions, l'attention est votre actif le plus précieux. Découvrez comment protéger et cultiver votre concentration pour accomplir un travail significatif. Guide complet + outils gratuits sur Motiva Hub.","https://the-motivahub.com/fr/journal/attention-as-asset/?utm_source=pinterest&utm_medium=pin&utm_campaign=pin-attention-as-asset-fr","Epingle Pinterest, titre serif doré « Attention : un actif à protéger » sur une photo productivity, Motiva Hub.","#Productivity #AttentionAsAsset #HowToProtectAttention #DeveloppementPersonnel"
"5","Discipline & Self Improvement","pins/regle-40-pourcent.png","The 40% Rule (David Goggins): I Tested It for 30 Days …","Is the 40% rule scientifically proven? I tested Goggins' 40% rule for 30 days and tracked 47 mental walls: 77% of pushes paid off, 10% backfired. The protocol, the science, and when the wall is real. Full guide + free tools on Motiva Hub.","https://the-motivahub.com/journal/regle-40-pourcent/?utm_source=pinterest&utm_medium=pin&utm_campaign=pin-regle-40-pourcent-en","A runner pushing hard through a sprint on an outdoor track. Gold serif headline: ""The 40% Rule (David Goggins): I Tested It for 30 Days — Real Results"".","#Discipline #40PercentRule #40Rule #40RuleDavidGoggins"
"5","Productivity Systems","pins/deep-work-focus.png","Deep Work: How to Focus Like a World-Class Performer","What is deep work in simple terms? Deep work is the ability to focus without distraction on a cognitively demanding task. Learn how to develop this rare skill and multiply your output. Full guide + free tools on Motiva Hub.","https://the-motivahub.com/journal/deep-work-focus/?utm_source=pinterest&utm_medium=pin&utm_campaign=pin-deep-work-focus-en","Youssef Raihane - deep work focus concept. Gold serif headline: ""Deep Work: How to Focus Like a World-Class Performer"".","#Productivity #DeepWorkCalNewportSummary #HowToFocusDeeplyForHours #EliminateShallowWork"
"5","Discipline personnelle","pins/regle-40-pourcent__fr.png","Règle des 40 % de Goggins : Testée 30 Jours — Résultats…","La règle des 40 % est-elle scientifiquement prouvée ? J'ai testé la règle des 40 % de Goggins pendant 30 jours et relevé 47 murs mentaux : 77 % des poussées ont payé, 10 % ont échoué. Le protocole, la science, et quand le mur est réel. Guide complet + outils gratuits sur Motiva Hub.","https://the-motivahub.com/fr/journal/regle-40-pourcent/?utm_source=pinterest&utm_medium=pin&utm_campaign=pin-regle-40-pourcent-fr","Epingle Pinterest, titre serif doré « Règle des 40 % de Goggins : Testée 30 Jours — Résultats Réels » sur une photo discipline, Motiva Hub.","#Discipline #40PercentRule #40Rule #DeveloppementPersonnel"
"5","Productivité","pins/deep-work-focus__fr.png","Deep Work : Le Protocole de Concentration Profonde","Qu'est-ce que le deep work en termes simples ? Deep Work de Cal Newport est le guide définitif pour maîtriser la concentration. Découvrez le protocole pour un travail profond et significatif. Guide complet + outils gratuits sur Motiva Hub.","https://the-motivahub.com/fr/journal/deep-work-focus/?utm_source=pinterest&utm_medium=pin&utm_campaign=pin-deep-work-focus-fr","Epingle Pinterest, titre serif doré « Deep Work : Le Protocole de Concentration Profonde » sur une photo productivity, Motiva Hub.","#Productivity #DeepWorkCalNewportSummary #HowToFocusDeeplyForHours #DeveloppementPersonnel"
"5","Productivity Systems","pins/pouvoir-elimination.png","The Power of Elimination: The Stop-Doing List","What is the power of elimination in productivity? The power of elimination in practice: a 3-question filter, a stop-doing list template, and an honest 80/20 audit of the 80% of work that doesn't matter. Full guide + free tools on Motiva Hub.","https://the-motivahub.com/journal/pouvoir-elimination/?utm_source=pinterest&utm_medium=pin&utm_campaign=pin-pouvoir-elimination-en","A clean minimal desk with only a monitor, keyboard and a plant. Gold serif headline: ""The Power of Elimination: The Stop-Doing List"".","#Productivity #PowerOfEliminationProductivity #DoLessAchieveMore #HowToEliminateDistractions"
"5","Discipline & Self Improvement","pins/regles-goggins-mental.png","David Goggins Rules: 5 Codes of an Unbreakable Mind","What are David Goggins' 5 rules? David Goggins rules, explained: the 40% Rule, Take Souls, Cookie Jar, Accountability Mirror and Callous Mind — with a how-to for each and a 7-day starter protocol. Full guide + free tools on Motiva Hub.","https://the-motivahub.com/journal/regles-goggins-mental/?utm_source=pinterest&utm_medium=pin&utm_campaign=pin-regles-goggins-mental-en","David Goggins' five mental rules - the callousing protocol illustrated. Gold serif headline: ""David Goggins Rules: 5 Codes of an Unbreakable Mind"".","#Discipline #DavidGogginsRules #GogginsMentalToughnessRules #5RulesForUnbreakableMind"
"6","Discipline & Self Improvement","pins/discipline-personnelle-guide.png","Personal Discipline: A Guide to Self-Control","How do I build self-discipline that lasts? Personal discipline decoded: 8 numbered systems — from identity-first goals and the two-minute rule to morning design, voluntary discomfort and the 40% rule — that make consistency automatic. Full guide + free tools on Motiva Hub.","https://the-motivahub.com/journal/discipline-personnelle-guide/?utm_source=pinterest&utm_medium=pin&utm_campaign=pin-discipline-personnelle-guide-en","Youssef Raihane - discipline personnelle guide concept. Gold serif headline: ""Personal Discipline: A Guide to Self-Control"".","#Discipline #PersonalDisciplineGuide #HowToBuildSelfDiscipline #StayConsistentDaily"
"6","Discipline & Self Improvement","pins/when-motivation-leaves.png","When Motivation Leaves","What do I do when motivation completely disappears? Motivation is weather. Discipline is the building you construct so that the weather no longer decides your day. Full guide + free tools on Motiva Hub.","https://the-motivahub.com/journal/when-motivation-leaves/?utm_source=pinterest&utm_medium=pin&utm_campaign=pin-when-motivation-leaves-en","A candle just blown out with a thin ribbon of smoke rising. Gold serif headline: ""When Motivation Leaves"".","#Discipline #WhenYouLoseAllMotivation #WhatToDoWhenMotivationIsGone #DisciplineWhenYouDoNotFeelLikeIt"
"6","Productivité","pins/pouvoir-elimination__fr.png","Le pouvoir de l'élimination : faire moins pour mieux","Qu'est-ce que le pouvoir d'élimination dans la productivité ? L'élimination est plus puissante que l'ajout. Filtre des 3 questions, modèle de liste stop-doing et audit 80/20 honnête des 80 % de travail qui ne comptent pas. Guide complet + outils gratuits sur Motiva Hub.","https://the-motivahub.com/fr/journal/pouvoir-elimination/?utm_source=pinterest&utm_medium=pin&utm_campaign=pin-pouvoir-elimination-fr","Epingle Pinterest, titre serif doré « Le pouvoir de l'élimination : faire moins pour mieux » sur une photo productivity, Motiva Hub.","#Productivity #PowerOfEliminationProductivity #DoLessAchieveMore #DeveloppementPersonnel"
"6","Discipline personnelle","pins/regles-goggins-mental__fr.png","Règles de Goggins : 5 codes pour le mental","Quelles sont les 5 règles de David Goggins ? Les règles de David Goggins expliquées : la Règle des 40 %, Take Souls, la Boîte à Cookies, le Miroir de Responsabilité et l'Esprit Calleux — avec un protocole de 7 jours. Guide complet + outils gratuits sur Motiva Hub.","https://the-motivahub.com/fr/journal/regles-goggins-mental/?utm_source=pinterest&utm_medium=pin&utm_campaign=pin-regles-goggins-mental-fr","Epingle Pinterest, titre serif doré « Règles de Goggins : 5 codes pour le mental » sur une photo discipline, Motiva Hub.","#Discipline #DavidGogginsRules #GogginsMentalToughnessRules #DeveloppementPersonnel"
"6","Discipline personnelle","pins/discipline-personnelle-guide__fr.png","Discipline personnelle : 8 systèmes concrets","Comment construire une autodiscipline qui dure ? Un guide complet de discipline personnelle : 8 systèmes concrets — buts identitaires, règle des deux minutes, routine du matin, inconfort volontaire, règle des 40 % — pour tenir sans compter sur la volonté. Guide complet + outils gratuits sur Motiva Hub.","https://the-motivahub.com/fr/journal/discipline-personnelle-guide/?utm_source=pinterest&utm_medium=pin&utm_campaign=pin-discipline-personnelle-guide-fr","Epingle Pinterest, titre serif doré « Discipline personnelle : 8 systèmes concrets » sur une photo discipline, Motiva Hub.","#Discipline #PersonalDisciplineGuide #HowToBuildSelfDiscipline #DeveloppementPersonnel"
"6","Discipline personnelle","pins/when-motivation-leaves__fr.png","Quand la motivation s'en va","La motivation est comme le temps. La discipline est le bâtiment que vous construisez pour que le temps ne décide plus de votre journée. Guide complet + outils gratuits sur Motiva Hub.","https://the-motivahub.com/fr/journal/when-motivation-leaves/?utm_source=pinterest&utm_medium=pin&utm_campaign=pin-when-motivation-leaves-fr","Epingle Pinterest, titre serif doré « Quand la motivation s'en va » sur une photo discipline, Motiva Hub.","#Discipline #WhenYouLoseAllMotivation #WhatToDoWhenMotivationIsGone #DeveloppementPersonnel"
"7","Productivity Systems","pins/quiet-power-of-doing-less.png","The Quiet Power of Doing Less","Why does doing less produce more? We have confused movement with progress. The disciplined mind learns to subtract — to protect the one thing that matters. Full guide + free tools on Motiva Hub.","https://the-motivahub.com/journal/quiet-power-of-doing-less/?utm_source=pinterest&utm_medium=pin&utm_campaign=pin-quiet-power-of-doing-less-en","Single chair in an empty white room - the quiet power of doing less. Gold serif headline: ""The Quiet Power of Doing Less"".","#Productivity #PowerOfDoingLess #EssentialismDoLessBetter #HowToSimplifyYourLife"
"7","Productivité","pins/quiet-power-of-doing-less__fr.png","Faire moins, mieux : le pouvoir silencieux","Faire moins n'est pas de la paresse — c'est une stratégie. Découvrez le pouvoir silencieux de la simplification et de la concentration. Guide complet + outils gratuits sur Motiva Hub.","https://the-motivahub.com/fr/journal/quiet-power-of-doing-less/?utm_source=pinterest&utm_medium=pin&utm_campaign=pin-quiet-power-of-doing-less-fr","Epingle Pinterest, titre serif doré « Faire moins, mieux : le pouvoir silencieux » sur une photo productivity, Motiva Hub.","#Productivity #PowerOfDoingLess #EssentialismDoLessBetter #DeveloppementPersonnel"
"7","Productivity Systems","pins/real-reason-you-procrastinate.png","The Real Reason You Procrastinate (Not Laziness)","Why do I procrastinate if I'm not lazy? Procrastination is not a character flaw — it is your brain avoiding a feeling. Understand the mechanism and you can finally beat it. Full guide + free tools on Motiva Hub.","https://the-motivahub.com/journal/real-reason-you-procrastinate/?utm_source=pinterest&utm_medium=pin&utm_campaign=pin-real-reason-you-procrastinate-en","A person hidden under the duvet scrolling their phone in bed. Gold serif headline: ""The Real Reason You Procrastinate (Not Laziness)"".","#Productivity #WhyDoIProcrastinatePsychology #ProcrastinationIsNotLaziness #EmotionalRegulationProcrastination"
"7","Productivité","pins/real-reason-you-procrastinate__fr.png","Procrastination : la vraie raison, pas la paresse","La procrastination n'est pas de la paresse. Découvrez les vraies raisons psychologiques et les stratégies pour la surmonter. Guide complet + outils gratuits sur Motiva Hub.","https://the-motivahub.com/fr/journal/real-reason-you-procrastinate/?utm_source=pinterest&utm_medium=pin&utm_campaign=pin-real-reason-you-procrastinate-fr","Epingle Pinterest, titre serif doré « Procrastination : la vraie raison, pas la paresse » sur une photo productivity, Motiva Hub.","#Productivity #WhyDoIProcrastinatePsychology #ProcrastinationIsNotLaziness #DeveloppementPersonnel"
"7","Money & Finance","pins/price-of-freedom.png","The Price of Freedom Is Paid Daily","What does 'freedom is rented, not owned' mean? Freedom is not bought once — it is rented every day with small, boring payments. Miss them and the debt returns. Full guide + free tools on Motiva Hub.","https://the-motivahub.com/journal/price-of-freedom/?utm_source=pinterest&utm_medium=pin&utm_campaign=pin-price-of-freedom-en","Youssef Raihane - price of freedom concept. Gold serif headline: ""The Price of Freedom Is Paid Daily"".","#Finance #PriceOfFreedomPaidDaily #FinancialFreedomDailyDiscipline #FreedomIsRentedNotOwned"
"7","Money & Finance","pins/invest-like-beginner.png","Invest Like a Beginner, Think Like an Owner","How do beginners start investing? You don't need to be an expert to start investing — you need to start and stay. Ownership beats prediction. Full guide + free tools on Motiva Hub.","https://the-motivahub.com/journal/invest-like-beginner/?utm_source=pinterest&utm_medium=pin&utm_campaign=pin-invest-like-beginner-en","A black piggy bank surrounded by scattered coins. Gold serif headline: ""Invest Like a Beginner, Think Like an Owner"".","#Finance #HowToStartInvestingAsABeginner #InvestingWithLittleMoney #BeginnerInvestmentGuide"